Name,Age,Email,Phone
Tiara Funk,27,Trevion_Prohaska@gmail.com,07558 153297
Bradford Schoen,38,Brannon_Cronin@yahoo.com,07742 917347
Lesley Koelpin,52,Tyrese23@yahoo.com,07768 861038
Jeromy Gottlieb,64,Norwood.Conroy51@hotmail.com,07272 295866
Perry Wintheiser,74,Triston.Osinski@hotmail.com,07747 942178
Elisabeth Schuster,19,Watson15@hotmail.com,07877 738765
Lyric Kohler,77,Nicholaus.DAmore33@yahoo.com,07131 637348
Eudora Lang,38,Brooke35@gmail.com,07894 434527
Cordelia Bartell,21,Easton_Lockman8@hotmail.com,07224 229314
Elmer Wiegand,63,Giovanny88@gmail.com,07739 450177
